{"_dde_display_config_private+DP5c474cef5582ae3297b0d5c8aeaa2a06,eDPa7dc69668299e96570d24b7ded18e4c3":{"Name":"_dde_display_config_private","Primary":"eDP1","BaseInfos":[{"UUID":"eDPa7dc69668299e96570d24b7ded18e4c3","Name":"eDP1","Enabled":true,"X":0,"Y":0,"Width":1920,"Height":1080,"Rotation":1,"Reflect":0,"RefreshRate":59.99932641789034},{"UUID":"DP5c474cef5582ae3297b0d5c8aeaa2a06","Name":"DP3","Enabled":true,"X":1920,"Y":0,"Width":1920,"Height":1080,"Rotation":1,"Reflect":0,"RefreshRate":60}]},"_dde_display_config_private+DPbc3b4543d511f26731c9e3935438b8d8,DPff1e01b6c1ed4df26b7546b9adbc2835,eDPa7dc69668299e96570d24b7ded18e4c3":{"Name":"_dde_display_config_private","Primary":"eDP1","BaseInfos":[{"UUID":"eDPa7dc69668299e96570d24b7ded18e4c3","Name":"eDP1","Enabled":true,"X":1909,"Y":3,"Width":1920,"Height":1080,"Rotation":1,"Reflect":0,"RefreshRate":59.99932641789034},{"UUID":"DPbc3b4543d511f26731c9e3935438b8d8","Name":"DP1","Enabled":true,"X":0,"Y":0,"Width":1920,"Height":1080,"Rotation":1,"Reflect":0,"RefreshRate":60},{"UUID":"DPff1e01b6c1ed4df26b7546b9adbc2835","Name":"DP3","Enabled":true,"X":3813,"Y":0,"Width":1920,"Height":1200,"Rotation":1,"Reflect":0,"RefreshRate":59.95017128620368}]}}